beatmap_id,score,maxcombo,count50,count100,count300,countmiss,countkatu,countgeki,perfect,enabled_mods,user_id,date,rank
1593298,5119610,433,4,116,756,14,49,114,0,0,11573728,2/18/2020 14:42,B
1018238,2524280,202,4,46,686,7,31,138,0,0,11573728,2/18/2020 14:37,A
1018238,478200,172,0,6,116,6,3,29,0,0,11573728,2/18/2020 14:34,F
1046830,1903836,343,1,49,220,10,25,41,0,0,11573728,2/18/2020 14:31,F
894090,1357558,289,0,48,214,13,26,29,0,0,11573728,2/18/2020 14:28,F
1027542,326130,130,1,18,87,3,8,15,0,0,11573728,2/18/2020 0:04,F
2026320,880580,197,3,49,177,11,27,46,0,0,11573728,2/18/2020 0:01,F
1097543,5560560,451,1,236,583,15,95,93,0,0,11573728,2/17/2020 23:59,F
1571309,1910002,357,0,51,201,3,29,30,0,0,11573728,2/17/2020 23:54,F
1571309,2145364,375,1,37,216,1,18,41,0,0,11573728,2/17/2020 23:53,F
1018238,3750528,328,2,57,675,9,38,131,0,0,11573728,2/18/2020 19:40,A
1983452,1519230,309,12,75,268,11,28,27,0,0,11573728,2/18/2020 19:34,F
1626530,1509150,252,5,63,234,3,23,37,0,0,11573728,2/18/2020 19:19,C
1961270,138892,70,2,12,101,7,7,15,0,0,11573728,2/18/2020 19:16,B
1675841,441890,141,0,9,158,2,6,26,0,0,11573728,2/18/2020 19:15,A
1018238,2104290,267,1,56,595,12,42,109,0,0,11573728,2/19/2020 1:09,F
580941,281028,67,1,18,232,26,8,38,0,0,11573728,2/19/2020 1:14,F
580941,124388,67,1,5,78,12,2,14,0,0,11573728,2/19/2020 1:13,F
1018238,4390268,403,1,52,639,18,35,122,0,0,11573728,2/19/2020 1:12,F
894090,2514672,380,0,37,296,13,19,55,0,0,11573728,2/19/2020 1:17,F
203906,965714,199,5,21,210,11,10,57,0,0,11573728,2/19/2020 1:25,F
1097543,5543600,288,15,167,895,20,77,162,0,0,11573728,2/19/2020 1:23,B
2021990,909288,101,42,208,613,51,73,78,0,0,11573728,2/19/2020 1:28,C
1593298,3991840,340,3,167,709,11,65,102,0,0,11573728,2/19/2020 1:37,C
1018238,6622868,582,3,24,677,9,16,146,0,0,11573728,2/19/2020 1:43,F
894090,7084462,521,1,80,661,22,47,112,0,0,11573728,2/19/2020 1:48,F
786379,304884,104,10,90,107,12,30,14,0,0,11573728,2/19/2020 1:56,F
786379,522232,120,15,90,223,18,31,25,0,0,11573728,2/19/2020 1:55,F
786379,202126,104,4,39,82,6,10,14,0,0,11573728,2/19/2020 1:54,F
894090,6418562,470,0,78,727,18,41,137,0,0,11573728,2/19/2020 1:53,F
786379,95820,77,1,12,43,2,5,7,0,0,11573728,2/19/2020 1:58,F
786379,269846,57,15,115,195,21,40,15,0,0,11573728,2/19/2020 1:58,F
786379,119296,62,3,25,76,12,12,7,0,0,11573728,2/19/2020 1:56,F
2001896,930878,157,8,70,311,12,46,84,0,0,11573728,2/19/2020 2:02,F
1605148,21766,27,0,102,3,19,23,1,0,0,11573728,2/19/2020 2:09,F
898576,134080,69,0,26,67,12,6,7,0,0,11573728,2/19/2020 2:08,F
898576,125830,67,2,31,69,11,7,5,0,0,11573728,2/19/2020 2:08,F
1351114,223750,80,2,47,133,17,16,18,0,0,11573728,2/19/2020 2:07,F
2167576,554482,92,29,127,362,41,56,59,0,0,11573728,2/19/2020 2:06,F
1263323,202958,77,0,15,115,12,4,28,0,0,11573728,2/19/2020 2:16,F
1088292,965806,203,2,44,317,15,30,52,0,0,11573728,2/19/2020 2:14,F
1088292,20706,44,0,3,18,5,3,4,0,0,11573728,2/19/2020 2:13,F
801663,583008,88,7,71,314,25,25,41,0,0,11573728,2/19/2020 2:12,F
1295194,1439920,138,6,93,561,34,37,34,0,0,11573728,2/19/2020 2:19,F
517432,545730,172,2,45,138,4,18,13,0,0,11573728,2/19/2020 2:24,F
959406,3693670,314,2,55,687,9,23,111,0,0,11573728,2/19/2020 2:23,A
786379,476454,109,23,117,219,21,36,28,0,0,11573728,2/19/2020 2:28,F
786379,559036,114,13,89,225,19,31,27,0,0,11573728,2/19/2020 2:27,F
1097543,22140,34,0,0,15,1,0,6,0,0,11573728,2/19/2020 2:35,F
1097543,1150480,234,0,23,171,1,12,28,0,0,11573728,2/19/2020 2:35,F
1097543,1548230,268,0,34,187,0,14,32,0,0,11573728,2/19/2020 2:34,F
1097543,10450960,615,17,147,675,11,57,130,0,0,11573728,2/19/2020 2:33,F
1097543,4224540,304,11,131,936,19,69,173,0,0,11573728,2/19/2020 2:41,B
1593298,845930,185,3,23,165,3,9,21,0,0,11573728,2/19/2020 4:31,F
1097543,527160,132,0,32,183,6,14,27,0,0,11573728,2/19/2020 4:30,F
1593298,3724590,239,3,80,795,12,43,122,0,0,11573728,2/19/2020 4:36,B
1593298,506020,157,1,15,97,1,6,9,0,0,11573728,2/19/2020 4:41,F
1593298,4200000,330,0,67,804,19,34,127,0,0,11573728,2/19/2020 4:41,A
1593298,8391250,478,0,106,776,8,49,120,0,0,11573728,2/19/2020 4:46,B
1605148,25444,28,0,96,0,19,21,0,0,0,11573728,2/19/2020 4:51,F
517432,12054,27,0,19,7,3,6,0,0,0,11573728,2/19/2020 4:50,F
517432,689656,180,4,54,221,6,25,22,0,0,11573728,2/19/2020 4:50,F
517432,509636,102,3,50,222,9,22,25,0,0,11573728,2/19/2020 4:49,F
801663,482890,97,3,42,277,23,19,35,0,0,11573728,2/19/2020 4:57,F
1018238,7043324,599,0,40,695,8,25,146,0,0,11573728,2/19/2020 4:55,A
1571309,2342040,367,2,132,392,21,66,61,0,0,11573728,2/19/2020 5:03,F
801663,732122,160,5,51,300,22,26,36,0,0,11573728,2/19/2020 4:59,F
2026320,681550,164,2,74,210,20,35,55,0,0,11573728,2/19/2020 5:07,C
1571309,2192956,242,0,81,468,20,44,91,0,0,11573728,2/19/2020 5:05,B
985854,29472,39,3,6,17,5,1,1,0,0,11573728,2/19/2020 5:11,F
1509460,277200,82,8,65,118,13,17,18,0,0,11573728,2/19/2020 5:11,F
870152,891994,168,17,165,478,55,57,51,0,0,11573728,2/19/2020 5:10,F
2205660,239680,77,9,54,126,15,22,27,0,0,11573728,2/19/2020 5:15,F
76612,743550,170,14,70,256,11,22,39,0,0,11573728,2/19/2020 5:14,F
2250907,592120,174,8,11,108,5,6,21,0,0,11573728,2/19/2020 5:23,F
1401254,1864500,310,0,57,238,5,22,48,0,0,11573728,2/19/2020 5:22,C
2231774,1203600,121,27,230,623,46,71,50,0,0,11573728,2/19/2020 5:20,F
1566387,478690,99,13,99,276,29,35,26,0,0,11573728,2/19/2020 5:27,F
1283985,621090,181,3,35,151,9,17,34,0,0,11573728,2/19/2020 5:26,F
839711,591830,93,13,94,265,17,33,37,0,0,11573728,2/19/2020 5:25,F
2107653,1914512,188,30,196,596,29,88,114,0,0,11573728,2/19/2020 5:33,C
2095310,37732,31,6,27,27,9,6,3,0,0,11573728,2/19/2020 5:28,F
894090,23432,30,0,3,19,0,3,5,0,0,11573728,2/19/2020 5:37,F
786379,362218,101,15,101,212,18,33,25,0,0,11573728,2/19/2020 5:37,F
786379,125932,81,3,45,65,6,14,7,0,0,11573728,2/19/2020 5:36,F
350238,1569613,224,3,34,289,2,23,44,0,64,11573728,2/19/2020 5:35,B
894090,24486,31,0,3,19,0,2,6,0,0,11573728,2/19/2020 5:40,F
894090,23832,30,0,5,17,0,4,4,0,0,11573728,2/19/2020 5:40,F
894090,2212174,358,0,30,243,14,17,40,0,0,11573728,2/19/2020 5:40,F
894090,6808712,514,2,169,854,45,73,162,0,0,11573728,2/19/2020 5:46,C
822651,248450,71,6,49,129,13,15,10,0,0,11573728,2/19/2020 6:32,F
822651,412670,129,6,28,112,8,16,10,0,0,11573728,2/19/2020 6:31,F
1018238,961374,139,1,76,506,20,45,84,0,0,11573728,2/19/2020 14:41,F
822651,1247780,139,5,81,492,25,40,60,0,0,11573728,2/19/2020 6:35,B
2167576,677738,130,22,193,431,39,86,66,0,0,11573728,2/19/2020 20:43,F
1351114,367050,111,13,36,135,14,8,20,0,0,11573728,2/19/2020 20:40,F
1027542,1114280,130,7,66,361,14,28,62,0,0,11573728,2/19/2020 20:39,F
1027542,1583570,209,4,60,349,14,23,63,0,0,11573728,2/19/2020 20:37,F
1849273,248910,54,2,55,186,30,25,54,0,0,11573728,2/19/2020 20:30,F
1593298,2757170,200,3,83,782,22,45,110,0,0,11573728,2/19/2020 20:29,B
1571309,2082198,245,1,96,463,9,54,89,0,0,11573728,2/19/2020 20:19,B
1626530,1953350,303,4,55,245,1,20,40,0,0,11573728,2/19/2020 20:16,B
1097543,4582250,265,8,149,924,16,78,169,0,0,11573728,2/19/2020 20:13,B
894090,7751758,506,0,108,942,20,67,186,0,0,11573728,2/19/2020 20:07,B
894090,68340,60,0,3,35,1,3,9,0,0,11573728,2/19/2020 22:19,F
894090,1171392,227,0,38,224,10,23,33,0,0,11573728,2/19/2020 22:18,F
131665,958703,247,2,38,126,0,23,27,0,64,11573728,2/19/2020 22:22,B
894090,1840632,310,0,32,295,19,22,49,0,0,11573728,2/19/2020 22:21,F
839711,687162,96,14,122,379,36,48,53,0,0,11573728,2/19/2020 22:26,F
580941,103282,67,6,11,58,10,3,10,0,0,11573728,2/20/2020 15:53,F
894090,1648100,312,0,31,246,13,14,44,0,0,11573728,2/20/2020 15:57,F
894090,1210298,198,3,30,241,12,19,38,0,0,11573728,2/20/2020 15:55,F
1018238,2065230,243,2,52,679,10,33,134,0,0,11573728,2/20/2020 16:01,A
1720903,748996,153,4,46,260,7,23,49,0,0,11573728,2/20/2020 16:09,B
462225,760524,136,10,68,310,12,44,63,0,0,11573728,2/20/2020 16:07,F
462225,132126,66,3,29,81,7,12,20,0,0,11573728,2/20/2020 16:05,F
996356,927450,136,10,75,396,12,40,55,0,0,11573728,2/20/2020 16:04,B
894090,4790424,280,0,135,919,16,70,182,0,0,11573728,2/20/2020 16:24,B
2208478,687670,80,17,140,581,80,35,31,0,0,11573728,2/20/2020 16:38,C
894090,1723594,324,0,41,226,8,24,32,0,0,11573728,2/20/2020 21:24,F
131665,1020496,250,2,27,137,0,15,36,0,96,11573728,2/20/2020 21:32,A
131665,476213,168,0,18,92,2,11,21,0,96,11573728,2/20/2020 21:31,F
894090,5825224,498,1,113,916,40,53,181,0,0,11573728,2/20/2020 21:30,B
1401254,1897480,316,2,35,254,9,17,48,0,0,11573728,2/20/2020 21:37,B
1401254,144140,86,6,5,45,2,3,12,0,0,11573728,2/20/2020 21:35,F
1401254,93230,67,3,3,37,0,0,12,0,0,11573728,2/20/2020 21:35,F
1401254,1621370,243,2,34,261,3,15,54,0,0,11573728,2/20/2020 21:35,B
1401254,148060,86,3,7,49,1,2,13,0,0,11573728,2/20/2020 21:33,F
848345,3477110,393,1,36,354,1,22,58,0,0,11573728,2/20/2020 21:43,A
848345,276390,115,1,8,80,0,3,14,0,0,11573728,2/20/2020 21:41,F
848345,300860,122,2,15,76,0,7,11,0,0,11573728,2/20/2020 21:40,F
848345,452950,149,0,8,101,1,5,17,0,0,11573728,2/20/2020 21:40,F
848345,79050,53,0,2,46,1,1,8,0,0,11573728,2/20/2020 21:39,F
848345,105180,63,0,4,51,0,3,8,0,0,11573728,2/20/2020 21:39,F
848345,940340,124,0,30,355,7,21,54,0,0,11573728,2/20/2020 21:39,A
848345,871910,146,0,13,216,0,11,35,0,0,11573728,2/20/2020 21:47,F
848345,264670,115,0,13,76,0,5,13,0,0,11573728,2/20/2020 21:45,F
848345,205210,100,0,14,66,0,5,11,0,0,11573728,2/20/2020 21:45,F
848345,87040,55,0,1,49,1,1,8,0,0,11573728,2/20/2020 21:44,F
848345,171920,84,0,3,67,1,1,12,0,0,11573728,2/20/2020 21:44,F
848345,655280,177,1,10,120,0,7,19,0,0,11573728,2/20/2020 21:44,F
979155,3489090,408,1,12,291,1,7,67,0,0,11573728,2/20/2020 21:52,A
979155,202970,91,0,2,66,1,2,10,0,0,11573728,2/20/2020 21:50,F
979155,1327470,211,0,12,290,3,10,63,0,0,11573728,2/20/2020 21:50,A
979155,1056650,186,1,10,287,7,6,63,0,0,11573728,2/20/2020 21:48,A
870152,595634,125,9,59,280,31,17,38,0,0,11573728,2/20/2020 21:58,F
1608897,2551064,398,0,26,285,1,20,59,0,0,11573728,2/20/2020 21:56,A
1608897,106788,74,0,5,53,1,3,13,0,0,11573728,2/20/2020 21:54,F
1608897,1908448,324,1,23,285,3,16,60,0,0,11573728,2/20/2020 21:54,A
203906,750096,197,3,27,216,14,17,52,0,0,11573728,2/20/2020 22:06,F
1097543,6248300,366,7,230,852,8,98,155,0,0,11573728,2/20/2020 22:04,C
1827324,39130,30,2,23,40,12,4,1,0,0,11573728,2/21/2020 0:40,F
1854034,186338,42,8,54,192,29,23,34,0,0,11573728,2/21/2020 0:39,F
1983452,1680034,175,28,218,584,14,79,68,0,0,11573728,2/20/2020 22:13,C
1150882,329578,48,47,168,271,55,39,42,0,0,11573728,2/20/2020 22:08,F
1849273,83650,62,2,15,33,8,5,6,0,0,11573728,2/21/2020 0:46,F
1849433,172780,55,4,27,131,22,10,22,0,0,11573728,2/21/2020 0:46,F
1857519,394030,79,3,56,187,17,15,21,0,0,11573728,2/21/2020 0:45,C
1857519,254840,54,2,43,191,26,12,18,0,0,11573728,2/21/2020 0:44,F
2118440,770970,139,0,63,280,5,34,51,0,0,11573728,2/21/2020 0:51,B
1059388,202990,94,0,13,67,2,6,13,0,0,11573728,2/21/2020 0:49,F
1059388,373280,72,0,20,163,3,16,27,0,0,11573728,2/21/2020 0:48,B
1059388,64320,52,0,4,36,1,2,6,0,0,11573728,2/21/2020 0:47,F
1849273,232100,64,0,46,133,17,23,33,0,0,11573728,2/21/2020 0:47,F
2118441,1730811,299,1,12,188,0,8,24,0,80,11573728,2/21/2020 0:56,S
2118442,736812,160,4,47,215,6,27,30,0,64,11573728,2/21/2020 0:54,C
2118444,775510,138,0,64,264,14,33,62,0,0,11573728,2/21/2020 0:53,C
2069841,20750,30,2,14,18,10,4,7,0,0,11573728,2/21/2020 1:01,F
2102287,276820,75,0,25,129,4,12,19,0,0,11573728,2/21/2020 1:00,B
1962182,798380,196,1,25,141,1,13,35,0,0,11573728,2/21/2020 0:59,F
1612454,316848,119,0,28,149,8,10,26,0,0,11573728,2/21/2020 0:58,B
1612453,195234,70,2,58,122,6,19,19,0,0,11573728,2/21/2020 0:57,C
801663,669164,145,2,32,277,18,17,39,0,0,11573728,2/21/2020 1:10,F
801663,434514,121,4,32,176,13,14,20,0,0,11573728,2/21/2020 1:09,F
1263323,493862,159,1,12,118,11,5,28,0,0,11573728,2/21/2020 1:07,F
517432,296522,124,4,31,105,8,9,10,0,0,11573728,2/21/2020 1:15,F
898576,128490,63,3,18,80,11,3,8,0,0,11573728,2/21/2020 1:15,F
1018238,2468578,283,2,31,697,13,22,145,0,0,11573728,2/21/2020 1:14,A
2097898,475510,134,0,36,208,21,20,44,0,0,11573728,2/21/2020 1:20,F
2099567,1294654,283,1,16,229,6,12,51,0,0,11573728,2/21/2020 1:19,A
2099567,359148,148,0,8,93,1,4,18,0,0,11573728,2/21/2020 1:18,F
2099567,874086,162,0,15,233,4,13,53,0,0,11573728,2/21/2020 1:17,A
2168768,808040,131,0,44,284,21,15,52,0,0,11573728,2/21/2020 1:26,B
2118444,847240,119,0,55,279,8,32,67,0,0,11573728,2/21/2020 1:24,B
2084862,1557280,305,0,77,251,29,31,37,0,0,11573728,2/21/2020 1:22,F
100627,388700,83,4,45,205,17,26,28,0,0,11573728,2/21/2020 1:31,F
100627,92020,57,2,11,51,7,4,5,0,0,11573728,2/21/2020 1:30,F
100627,328960,113,5,34,138,11,15,17,0,0,11573728,2/21/2020 1:30,F
100627,373610,100,6,38,128,13,18,13,0,0,11573728,2/21/2020 1:29,F
1610745,410300,98,0,20,168,6,10,30,0,0,11573728,2/21/2020 1:28,B
1610745,143820,42,0,27,132,17,8,21,0,0,11573728,2/21/2020 1:27,F
801663,580668,147,3,50,276,20,21,36,0,0,11573728,2/21/2020 1:36,F
801663,529740,146,3,24,215,15,13,26,0,0,11573728,2/21/2020 1:34,F
801663,559902,116,2,33,268,18,14,38,0,0,11573728,2/21/2020 1:33,F
1018238,9878512,746,0,39,702,2,33,141,0,0,11573728,2/21/2020 1:41,A
2135438,19430,28,6,13,17,7,5,7,0,0,11573728,2/21/2020 1:37,F
1018238,52096,49,0,2,34,1,1,10,0,0,11573728,2/21/2020 1:46,F
1018238,84372,68,0,5,43,3,2,11,0,0,11573728,2/21/2020 1:46,F
1018238,131130,82,0,2,56,4,2,13,0,0,11573728,2/21/2020 1:46,F
1018238,71884,60,0,1,42,1,1,11,0,0,11573728,2/21/2020 1:45,F
1018238,96790,70,0,1,50,1,1,13,0,0,11573728,2/21/2020 1:45,F
1018238,133920,83,0,2,58,1,2,13,0,0,11573728,2/21/2020 1:45,F
1018238,120268,83,0,7,52,2,2,13,0,0,11573728,2/21/2020 1:44,F
1018238,93660,69,0,4,48,0,3,11,0,0,11573728,2/21/2020 1:44,F
1018238,90528,69,0,4,50,1,1,12,0,0,11573728,2/21/2020 1:43,F
894090,2333156,361,0,19,243,10,12,44,0,0,11573728,2/21/2020 1:49,F
1018238,74156,60,0,1,45,3,0,12,0,0,11573728,2/21/2020 1:47,F
894090,127630,80,0,3,52,0,3,14,0,0,11573728,2/21/2020 1:54,F
894090,7412720,507,0,83,956,31,46,197,0,0,11573728,2/21/2020 2:00,B
1097543,13088270,577,2,144,942,9,79,177,0,0,11573728,2/21/2020 2:06,B
1018238,1013768,142,5,65,512,19,42,84,0,0,11573728,2/21/2020 14:39,F
786379,59164,43,4,12,53,4,4,7,0,0,11573728,2/21/2020 2:10,F
2118440,784460,146,1,53,272,22,25,47,0,0,11573728,2/21/2020 14:43,C
2084862,285590,94,1,58,128,18,15,17,0,0,11573728,2/21/2020 14:41,F
801663,466526,120,4,41,296,28,20,40,0,0,11573728,2/21/2020 16:16,F
801663,363292,121,1,24,178,14,13,21,0,0,11573728,2/21/2020 16:15,F
801663,805842,161,4,37,271,17,20,35,0,0,11573728,2/21/2020 16:21,F
1018238,3535798,284,1,49,686,7,34,135,0,0,11573728,2/21/2020 16:27,A
1018238,147364,85,0,7,66,2,5,14,0,0,11573728,2/21/2020 16:24,F
801663,432952,76,4,55,290,21,24,38,0,0,11573728,2/21/2020 16:23,F
894090,6151884,502,1,66,682,22,43,114,0,0,11573728,2/21/2020 16:32,F
2168768,508520,128,1,25,167,14,11,31,0,0,11573728,2/21/2020 16:37,F
2084862,395690,92,0,39,160,18,15,22,0,0,11573728,2/21/2020 16:35,F
2084862,142100,47,0,14,114,8,7,16,0,0,11573728,2/21/2020 16:34,F
2118440,683940,102,1,69,269,9,31,50,0,0,11573728,2/21/2020 16:40,C
2168768,488210,143,0,31,135,12,18,24,0,0,11573728,2/21/2020 16:38,F
100627,483320,85,4,39,215,14,16,39,0,0,11573728,2/21/2020 16:46,F
1474956,776380,125,1,38,265,12,24,61,0,0,11573728,2/21/2020 16:45,B
1843591,890610,139,8,61,341,17,31,86,0,0,11573728,2/21/2020 16:51,C
1083053,341170,125,4,29,101,11,11,15,0,0,11573728,2/21/2020 16:49,F
100627,801230,179,8,46,216,11,19,37,0,0,11573728,2/21/2020 16:48,F
1849273,385390,94,1,85,161,26,36,46,0,0,11573728,2/21/2020 16:56,F
1849273,151650,69,1,20,69,11,8,15,0,0,11573728,2/21/2020 16:56,F
1849273,61300,39,0,35,40,10,9,9,0,0,11573728,2/21/2020 16:55,F
1857519,536470,123,4,23,219,17,8,24,0,0,11573728,2/21/2020 16:55,B
120030,409740,93,10,89,244,16,24,8,0,0,11573728,2/21/2020 16:53,F
1244429,2652628,221,2,143,826,7,100,150,0,0,11573728,2/21/2020 17:04,B
2202861,535676,92,2,68,320,12,51,124,0,0,11573728,2/22/2020 5:13,C
1097543,3906060,277,3,162,909,23,95,147,0,0,11573728,2/22/2020 5:20,B
203906,709518,197,1,33,190,16,19,46,0,0,11573728,2/22/2020 5:24,F
2060019,1736292,247,7,31,450,6,19,66,0,0,11573728,2/22/2020 5:27,A
894090,3296334,301,0,107,928,35,58,182,0,0,11573728,2/22/2020 5:35,B
1876892,677364,65,20,206,566,48,79,71,0,0,11573728,2/22/2020 19:16,C
1593298,2120910,195,3,118,745,24,64,89,0,0,11573728,2/22/2020 19:20,B
1018238,1024832,176,2,59,340,7,32,59,0,0,11573728,2/22/2020 19:30,F
996356,1148376,198,6,74,403,10,39,61,0,0,11573728,2/22/2020 19:37,B
1018238,2438834,261,2,79,652,10,49,118,0,0,11573728,2/22/2020 19:34,B
817987,1749890,219,11,109,492,13,54,52,0,0,11573728,2/22/2020 19:40,C
817987,24200,29,0,11,19,6,6,2,0,0,11573728,2/22/2020 19:37,F
2209285,2750440,190,7,91,794,8,65,190,0,0,11573728,2/22/2020 19:46,B
1593298,3173840,291,1,61,702,25,35,101,0,0,11573728,2/22/2020 19:51,F
1593298,3433870,267,1,91,778,20,52,111,0,0,11573728,2/22/2020 19:55,B
76612,1160184,144,7,74,442,15,32,62,0,0,11573728,2/22/2020 19:59,F
76612,1834190,263,18,91,407,23,41,51,0,0,11573728,2/22/2020 20:05,F
76612,1412662,181,8,88,414,11,37,56,0,0,11573728,2/22/2020 20:02,F
894090,5743322,367,1,100,948,21,58,192,0,0,11573728,2/22/2020 20:12,B
203906,591690,153,0,20,207,13,13,53,0,0,11573728,2/22/2020 20:20,F
1097543,2622090,152,1,103,705,16,56,127,0,0,11573728,2/22/2020 20:17,F
1593298,6265570,511,0,96,543,10,44,78,0,0,11573728,2/22/2020 20:26,F
580941,428700,76,0,26,319,28,14,52,0,0,11573728,2/22/2020 20:22,F
1593298,2992570,215,3,129,736,22,53,103,0,0,11573728,2/22/2020 20:31,B
1593298,124590,50,0,11,79,5,3,5,0,0,11573728,2/23/2020 0:23,F
1593298,1830390,146,4,85,769,32,47,104,0,0,11573728,2/22/2020 20:36,B
1593298,4205750,293,0,99,772,19,50,111,0,0,11573728,2/23/2020 0:29,B
949011,921130,159,9,63,290,17,23,37,0,0,11573728,2/23/2020 0:38,F
1593298,2876290,222,4,118,748,20,56,101,0,0,11573728,2/23/2020 0:36,B
580941,367014,83,1,18,241,18,12,38,0,0,11573728,2/23/2020 0:50,F
1097543,3642850,200,3,143,929,22,77,169,0,0,11573728,2/23/2020 0:47,B
848345,206910,97,0,14,64,0,6,9,0,0,11573728,2/23/2020 0:51,F
848345,679560,172,0,19,158,4,7,25,0,0,11573728,2/23/2020 0:56,F
848345,662990,120,0,32,181,2,14,27,0,0,11573728,2/23/2020 0:55,F
848345,815090,172,0,38,216,4,19,28,0,0,11573728,2/23/2020 0:58,F
1571309,820918,233,1,18,132,8,9,26,0,0,11573728,2/23/2020 1:03,F
1593298,3580570,213,1,151,723,15,66,99,0,0,11573728,2/23/2020 1:02,B
894090,4393276,364,0,89,638,20,49,106,0,0,11573728,2/23/2020 1:08,F
517432,277972,114,4,38,128,6,13,12,0,0,11573728,2/23/2020 1:13,F
2021990,679692,71,44,188,560,53,53,85,0,0,11573728,2/23/2020 1:12,F
2084862,577070,146,1,36,146,15,12,21,0,0,11573728,2/23/2020 1:25,F
2084862,514420,111,0,22,169,14,13,25,0,0,11573728,2/23/2020 1:29,F
2084862,183540,66,0,11,112,12,5,17,0,0,11573728,2/23/2020 1:28,F
2084862,651200,129,0,32,169,13,13,27,0,0,11573728,2/23/2020 1:28,F
2084862,481230,107,1,60,164,15,26,20,0,0,11573728,2/23/2020 1:27,F
1571309,1502424,217,0,72,477,20,42,94,0,0,11573728,2/23/2020 1:34,B
1018238,3889252,419,2,42,689,10,27,137,0,0,11573728,2/23/2020 1:40,A
2161977,1942094,170,22,204,783,26,97,154,0,0,11573728,2/23/2020 1:44,C
894090,2435510,363,0,22,329,15,19,56,0,0,11573728,2/23/2020 1:49,F
894090,5220066,375,2,85,948,35,44,195,0,0,11573728,2/23/2020 1:55,B
1097543,2363670,177,5,104,688,24,48,125,0,0,11573728,2/23/2020 2:00,F
1849273,68420,26,4,18,66,13,8,14,0,0,11573728,2/23/2020 2:05,F
1849273,63580,27,3,17,60,13,8,12,0,0,11573728,2/23/2020 2:05,F
822651,316700,73,5,39,140,15,18,12,0,0,11573728,2/23/2020 2:04,F
822651,253070,72,1,15,117,7,8,15,0,0,11573728,2/23/2020 2:03,F
822651,568170,151,3,23,158,13,11,20,0,0,11573728,2/23/2020 2:02,F
2026320,1564030,281,2,54,234,16,31,63,0,0,11573728,2/23/2020 2:01,C
1244429,2081156,171,4,178,780,16,110,131,0,0,11573728,2/23/2020 2:10,C
1593298,2344320,267,4,109,743,34,54,93,0,0,11573728,2/23/2020 16:51,B
1018238,1070244,124,1,66,521,12,44,90,0,0,11573728,2/23/2020 16:57,F
633993,368980,119,4,24,122,12,11,17,0,0,11573728,2/23/2020 17:09,F
801663,520706,121,4,50,285,26,23,36,0,0,11573728,2/23/2020 17:08,F
848345,179120,87,0,13,59,1,6,7,0,0,11573728,2/23/2020 17:44,F
848345,80880,59,2,15,33,0,4,5,0,0,11573728,2/23/2020 17:43,F
633993,226270,109,2,19,70,10,5,11,0,0,11573728,2/23/2020 17:42,F
2209285,2804280,238,2,103,775,20,66,186,0,0,11573728,2/23/2020 17:49,B
1593298,2411770,210,2,106,758,24,53,103,0,0,11573728,2/23/2020 17:56,B
839711,396180,79,25,70,256,32,26,31,0,0,11573728,2/23/2020 17:51,F
2107653,1101578,161,56,192,563,40,86,101,0,0,11573728,2/23/2020 18:00,C
808847,105504,35,2,30,95,8,19,10,0,72,11573728,2/23/2020 18:06,F
131665,103776,52,19,37,70,13,15,15,0,72,11573728,2/23/2020 18:05,F
131665,118066,47,15,41,74,10,19,14,0,72,11573728,2/23/2020 18:04,F
1097543,3909980,254,4,159,907,27,87,154,0,0,11573728,2/23/2020 18:12,B
2164997,856140,105,1,72,373,14,24,26,0,0,11573728,2/23/2020 18:21,B
2164997,636160,112,2,64,255,14,20,10,0,0,11573728,2/23/2020 18:19,F
894090,5091062,488,0,73,647,31,43,106,0,0,11573728,2/23/2020 18:17,F
1675844,213860,65,2,43,137,9,20,37,0,0,11573728,2/23/2020 18:25,C
1675844,178540,45,0,43,139,9,24,34,0,0,11573728,2/23/2020 18:24,C
1175484,1350819,197,11,103,447,7,78,68,0,64,11573728,2/23/2020 18:29,C
1583483,221810,71,3,34,109,6,12,14,0,0,11573728,2/23/2020 18:26,C
2167576,197264,62,7,68,140,13,27,14,0,0,11573728,2/23/2020 18:35,F
2167576,361618,75,13,115,253,25,53,29,0,0,11573728,2/23/2020 18:34,F
28939,45806,28,5,27,47,8,4,3,0,0,11573728,2/23/2020 18:33,F
2141835,126352,84,1,12,58,3,9,8,0,64,11573728,2/23/2020 18:32,F
1720903,1349000,250,4,70,238,5,31,43,0,0,11573728,2/23/2020 18:31,C
1605148,18590,17,1,91,1,22,16,1,0,0,11573728,2/23/2020 18:40,F
517432,487922,130,4,49,158,3,23,14,0,0,11573728,2/23/2020 18:39,F
2167576,534176,78,19,173,400,53,75,62,0,0,11573728,2/23/2020 18:38,F
1018238,1403760,144,1,57,668,17,35,126,0,0,11573728,2/23/2020 18:44,B
1083053,68940,31,3,17,65,12,7,9,0,0,11573728,2/23/2020 18:51,F
801663,809362,185,5,44,303,29,22,39,0,0,11573728,2/23/2020 18:50,F
1088292,1471604,257,8,70,407,22,41,69,0,0,11573728,2/23/2020 18:55,F
1088292,274662,82,7,26,161,13,13,28,0,0,11573728,2/23/2020 18:53,F
1088292,192940,74,1,26,118,11,14,19,0,0,11573728,2/23/2020 18:52,F
1083053,317340,125,0,18,84,9,8,15,0,0,11573728,2/23/2020 18:51,F
1027542,1733580,175,6,81,485,15,34,78,0,0,11573728,2/23/2020 19:01,B
1260116,1627352,242,5,38,386,4,20,98,0,0,11573728,2/23/2020 18:58,B
2118440,550070,109,1,91,239,17,34,41,0,0,11573728,2/23/2020 19:06,C
2168768,590780,149,3,28,175,14,10,32,0,0,11573728,2/23/2020 19:04,F
2084862,430730,75,2,83,247,31,30,39,0,0,11573728,2/23/2020 19:03,F
1857519,321780,89,0,36,199,28,9,22,0,0,11573728,2/23/2020 19:10,C
1857519,311480,89,5,58,170,29,17,14,0,0,11573728,2/23/2020 19:08,F
1849273,143690,41,1,26,131,23,12,29,0,0,11573728,2/23/2020 19:07,F
1849273,76140,48,4,24,58,13,4,15,0,0,11573728,2/23/2020 19:07,F
1605148,24012,26,4,99,1,20,21,0,0,0,11573728,2/24/2020 2:38,F
1605148,21990,16,1,128,0,32,24,0,0,0,11573728,2/24/2020 2:37,F
1605148,20062,20,2,99,3,26,22,1,0,0,11573728,2/24/2020 2:36,F
1605148,79988,46,3,239,30,32,53,3,0,0,11573728,2/24/2020 2:45,F
1605148,88022,32,5,284,38,48,62,5,0,0,11573728,2/24/2020 2:42,F
1593298,361530,63,1,27,262,20,14,32,0,0,11573728,2/24/2020 14:12,F
1593298,81720,41,0,2,60,10,2,4,0,0,11573728,2/24/2020 14:10,F
1605148,39268,32,2,143,7,22,37,0,0,0,11573728,2/24/2020 2:47,F
1605148,88082,45,8,234,30,39,49,4,0,0,11573728,2/24/2020 2:46,F
633993,306840,133,3,16,74,8,6,11,0,0,11573728,2/24/2020 17:06,F
633993,59690,36,2,11,45,3,3,6,0,0,11573728,2/24/2020 17:05,F
1018238,1252326,180,1,66,653,23,42,114,0,0,11573728,2/24/2020 14:16,B
1018238,2961354,270,0,57,679,7,39,131,0,0,11573728,2/24/2020 17:11,A
131665,23339,28,7,9,19,7,3,5,0,72,11573728,2/24/2020 20:13,F
131665,24052,34,2,3,18,8,0,7,0,72,11573728,2/24/2020 20:13,F
131665,22660,33,2,3,17,8,1,6,0,72,11573728,2/24/2020 20:12,F
131665,24413,33,2,3,18,7,1,6,0,72,11573728,2/24/2020 20:12,F
131665,124017,76,18,49,59,12,12,14,0,72,11573728,2/24/2020 20:12,F
131665,23261,33,3,2,18,8,0,7,0,72,11573728,2/24/2020 20:11,F
131665,23261,28,5,6,19,6,1,6,0,72,11573728,2/24/2020 20:18,F
131665,13259,15,0,1,13,7,1,5,0,72,11573728,2/24/2020 20:18,F
131665,13259,15,0,1,13,7,1,5,0,72,11573728,2/24/2020 20:17,F
131665,23205,24,14,8,21,8,3,5,0,72,11573728,2/24/2020 20:17,F
131665,12159,15,0,1,13,7,1,5,0,72,11573728,2/24/2020 20:17,F
131665,131667,72,31,33,67,12,13,13,0,72,11573728,2/24/2020 20:16,F
131665,13259,15,0,1,13,7,1,5,0,72,11573728,2/24/2020 20:15,F
131665,12341,16,1,1,13,7,1,5,0,72,11573728,2/24/2020 20:15,F
131665,26870,34,10,4,21,7,1,7,0,72,11573728,2/24/2020 20:15,F
131665,82538,37,20,18,66,11,9,14,0,72,11573728,2/24/2020 20:14,F
131665,11147,15,0,3,11,7,3,3,0,72,11573728,2/24/2020 20:22,F
131665,26977,36,6,7,18,5,1,7,0,72,11573728,2/24/2020 20:22,F
131665,53680,41,23,18,33,8,5,7,0,72,11573728,2/24/2020 20:22,F
131665,20987,32,2,0,14,6,0,6,0,72,11573728,2/24/2020 20:21,F
131665,21692,27,8,6,19,7,1,6,0,72,11573728,2/24/2020 20:21,F
131665,16426,18,7,6,17,6,2,5,0,72,11573728,2/24/2020 20:21,F
131665,40620,36,8,4,30,9,2,8,0,72,11573728,2/24/2020 20:20,F
131665,93456,72,16,20,42,7,8,9,0,72,11573728,2/24/2020 20:20,F
131665,27597,25,10,9,23,9,3,6,0,72,11573728,2/24/2020 20:19,F
131665,18364,25,3,4,16,8,2,5,0,72,11573728,2/24/2020 20:19,F
350238,745965,124,10,58,256,4,29,31,0,72,11573728,2/24/2020 20:27,C
350238,622690,129,8,74,241,5,40,23,0,72,11573728,2/24/2020 20:25,C
350238,251578,80,4,52,151,8,22,14,0,72,11573728,2/24/2020 20:24,F
350238,1004276,149,1,45,279,3,24,44,0,72,11573728,2/24/2020 20:53,B
350238,412441,75,2,50,264,12,29,31,0,72,11573728,2/24/2020 20:52,B
350238,157390,56,1,35,109,11,14,8,0,72,11573728,2/24/2020 20:50,F
350238,30131,45,0,12,17,1,4,2,0,104,11573728,2/24/2020 20:58,F
350238,21844,37,0,9,14,3,4,1,0,104,11573728,2/24/2020 20:58,F
350238,784711,182,8,61,250,9,31,27,0,72,11573728,2/24/2020 20:57,C
350238,239480,127,1,16,60,6,8,8,0,72,11573728,2/24/2020 20:56,F
350238,1621499,242,8,47,271,2,24,40,0,72,11573728,2/24/2020 20:55,B
350238,26745,42,2,9,16,1,2,2,0,104,11573728,2/24/2020 21:03,F
350238,572801,199,1,32,88,2,17,6,0,104,11573728,2/24/2020 21:03,F
350238,270090,135,2,17,62,3,10,6,0,104,11573728,2/24/2020 21:02,F
350238,475733,174,2,16,87,1,7,13,0,104,11573728,2/24/2020 21:01,F
350238,230375,130,3,15,59,2,7,8,0,104,11573728,2/24/2020 21:01,F
350238,232332,130,2,18,57,2,11,5,0,104,11573728,2/24/2020 21:00,F
350238,239922,130,2,15,60,2,9,7,0,104,11573728,2/24/2020 21:00,F
350238,504848,189,2,30,81,2,16,6,0,104,11573728,2/24/2020 21:00,F
350238,215098,130,2,24,51,2,10,6,0,104,11573728,2/24/2020 20:59,F
350238,556381,200,2,37,82,2,16,6,0,104,11573728,2/24/2020 20:59,F
350238,224092,130,2,25,50,2,12,4,0,104,11573728,2/24/2020 21:07,F
350238,205291,124,5,19,48,3,7,5,0,104,11573728,2/24/2020 21:07,F
350238,228598,130,2,19,56,2,11,5,0,104,11573728,2/24/2020 21:06,F
350238,267117,142,4,24,57,3,8,7,0,104,11573728,2/24/2020 21:06,F
350238,485116,189,5,29,79,2,11,9,0,104,11573728,2/24/2020 21:06,F
350238,480907,189,3,37,73,2,17,5,0,104,11573728,2/24/2020 21:05,F
350238,233778,130,3,21,53,2,11,5,0,104,11573728,2/24/2020 21:04,F
350238,97228,76,0,6,39,2,4,6,0,104,11573728,2/24/2020 21:04,F
350238,219353,130,4,28,45,2,11,3,0,104,11573728,2/24/2020 21:04,F
350238,236464,134,3,24,53,3,10,5,0,104,11573728,2/24/2020 21:11,F
350238,50983,60,6,10,21,2,5,0,0,104,11573728,2/24/2020 21:11,F
350238,28392,37,0,4,19,3,2,3,0,104,11573728,2/24/2020 21:09,F
537887,1048329,233,6,51,210,4,26,27,0,72,11573728,2/24/2020 21:18,C
537887,93187,54,5,20,66,7,9,7,0,72,11573728,2/24/2020 21:16,F
1119043,38528,35,1,12,33,7,7,1,0,72,11573728,2/24/2020 21:16,F
1119043,88038,35,4,16,79,7,7,8,0,72,11573728,2/24/2020 21:15,F
2060301,15374,22,4,12,13,4,3,0,0,72,11573728,2/24/2020 21:15,F
2060301,47905,49,3,12,32,7,4,3,0,72,11573728,2/24/2020 21:15,F
870565,63822,58,7,25,32,2,7,2,0,72,11573728,2/24/2020 21:14,F
870565,21598,40,6,19,7,2,2,0,0,72,11573728,2/24/2020 21:14,F
537887,1016949,240,2,35,182,8,16,28,0,72,11573728,2/24/2020 21:23,F
537887,1144371,246,5,31,227,7,17,34,0,72,11573728,2/24/2020 21:22,F
537887,167043,83,4,24,73,6,11,7,0,72,11573728,2/24/2020 21:21,F
537887,743200,145,9,29,221,9,16,31,0,72,11573728,2/24/2020 21:20,F
537887,817327,189,15,45,207,4,17,30,0,72,11573728,2/24/2020 21:19,C
1593298,160821,51,5,37,85,9,9,3,0,8,11573728,2/24/2020 21:27,F
1593298,342146,132,3,38,77,7,12,2,0,8,11573728,2/24/2020 21:27,F
1593298,12358,19,1,7,12,3,0,0,0,8,11573728,2/24/2020 21:26,F
537887,488251,129,2,25,187,13,15,27,0,72,11573728,2/24/2020 21:24,F
671412,200260,64,6,22,126,9,9,8,0,72,11573728,2/24/2020 21:33,F
671412,259289,75,4,22,128,9,7,11,0,72,11573728,2/24/2020 21:32,F
671412,410218,133,7,13,129,7,5,13,0,72,11573728,2/24/2020 21:31,F
671412,310695,97,7,19,130,7,8,9,0,72,11573728,2/24/2020 21:31,F
671412,217873,65,3,20,124,7,9,8,0,72,11573728,2/24/2020 21:30,F
671412,302036,96,5,19,121,9,8,7,0,72,11573728,2/24/2020 21:29,F
671412,321976,117,3,27,126,7,11,7,0,72,11573728,2/24/2020 21:28,F
351189,595194,172,10,42,197,9,18,18,0,72,11573728,2/24/2020 21:38,F
671412,188374,65,7,16,117,8,6,9,0,72,11573728,2/24/2020 21:37,F
671412,211962,63,5,20,128,10,5,10,0,72,11573728,2/24/2020 21:36,F
671412,183424,49,5,19,129,10,5,10,0,72,11573728,2/24/2020 21:35,F
671412,244258,110,6,15,90,4,7,6,0,72,11573728,2/24/2020 21:35,F
671412,334736,112,4,17,127,6,8,10,0,72,11573728,2/24/2020 21:34,F
671412,226052,65,4,16,134,9,8,10,0,72,11573728,2/24/2020 21:33,F
1675843,111167,50,4,13,70,9,7,11,0,72,11573728,2/24/2020 21:43,F
1675843,168090,54,3,17,91,8,9,14,0,72,11573728,2/24/2020 21:43,F
1675843,78383,42,3,16,59,9,8,8,0,72,11573728,2/24/2020 21:42,F
1608833,136449,75,8,29,71,10,14,8,0,72,11573728,2/24/2020 21:42,F
1827412,173370,65,3,39,126,12,20,14,0,72,11573728,2/24/2020 21:41,F
1262009,68537,42,1,18,64,9,9,6,0,72,11573728,2/24/2020 21:40,F
1262009,114949,49,1,12,93,12,6,11,0,72,11573728,2/24/2020 21:39,F
759844,32749,21,0,16,41,5,6,6,0,72,11573728,2/24/2020 21:39,F
1627149,52683,31,1,11,50,9,6,7,0,72,11573728,2/24/2020 21:38,F
1762724,131090,55,3,27,81,2,17,25,0,24,11573728,2/24/2020 21:48,C
1762724,207283,82,2,32,76,3,21,21,0,24,11573728,2/24/2020 21:47,C
1762724,174165,64,4,16,89,4,8,30,0,24,11573728,2/24/2020 21:47,C
1762728,431308,151,5,23,81,0,16,23,0,24,11573728,2/24/2020 21:46,B
1762727,46273,32,3,22,57,20,10,4,0,72,11573728,2/24/2020 21:45,F
1762733,111235,72,4,20,49,4,10,3,0,72,11573728,2/24/2020 21:45,F
1896298,310333,133,0,18,86,9,8,14,0,24,11573728,2/24/2020 21:53,F
1892411,757502,156,6,61,255,9,33,30,0,24,11573728,2/24/2020 21:52,C
1764213,88883,60,3,31,68,11,16,17,0,24,11573728,2/24/2020 21:50,F
1764213,72786,66,2,15,31,7,8,4,0,24,11573728,2/24/2020 21:50,F
1762724,132880,67,3,16,81,10,10,25,0,24,11573728,2/24/2020 21:49,F
1762724,158276,67,3,16,89,5,11,29,0,24,11573728,2/24/2020 21:49,C
1556336,361914,74,8,81,155,12,43,28,0,24,11573728,2/24/2020 21:58,F
1829038,251432,57,5,35,184,16,22,17,0,24,11573728,2/24/2020 21:57,C
1618411,210603,82,1,27,102,7,9,21,0,24,11573728,2/24/2020 21:55,F
2098548,35914,27,2,20,31,5,6,2,0,24,11573728,2/24/2020 21:54,F
1608872,37622,32,7,25,29,5,9,3,0,24,11573728,2/24/2020 21:54,F
2168425,258342,133,3,27,85,4,10,8,0,24,11573728,2/24/2020 21:54,F
1018238,42002,44,0,7,32,4,4,7,0,24,11573728,2/24/2020 22:03,F
1104798,417625,130,1,53,183,13,24,22,0,24,11573728,2/24/2020 22:02,F
1555610,312335,96,4,40,179,9,23,31,0,24,11573728,2/24/2020 22:00,C
894090,792244,203,1,42,217,13,20,33,0,0,11573728,2/25/2020 2:23,F
198171,208130,79,6,34,86,6,15,8,0,0,11573728,2/25/2020 2:21,F
198171,13060,18,1,8,17,3,3,1,0,0,11573728,2/25/2020 2:20,F
198171,20368,18,3,7,27,3,4,1,0,8,11573728,2/25/2020 2:20,F
949011,297970,83,9,29,131,11,8,15,0,0,11573728,2/24/2020 22:06,F
1401254,887230,213,6,28,167,7,18,31,0,0,11573728,2/24/2020 22:05,F
1018238,11820,28,4,6,9,3,3,2,0,8,11573728,2/24/2020 22:04,F
580941,68072,38,1,9,60,11,4,7,0,0,11573728,2/25/2020 2:27,F
1018238,930066,108,11,121,539,28,61,80,0,0,11573728,2/25/2020 2:27,F
633993,432280,134,1,26,126,11,12,18,0,0,11573728,2/25/2020 2:31,F
633993,313470,107,4,24,122,7,8,18,0,0,11573728,2/25/2020 2:30,F
848345,398340,86,1,53,214,8,20,27,0,0,11573728,2/25/2020 2:29,F
633993,304160,94,1,30,123,13,14,15,0,0,11573728,2/25/2020 2:39,F
633993,437790,133,3,35,133,7,16,17,0,0,11573728,2/25/2020 2:54,F
786379,138500,85,3,16,67,8,3,12,0,0,11573728,2/25/2020 3:02,F
894090,1594804,314,1,42,222,10,23,31,0,0,11573728,2/25/2020 3:01,F
1018238,2738264,315,1,51,633,27,29,122,0,0,11573728,2/25/2020 2:59,F
1593298,18922,26,0,9,20,8,2,0,0,8,11573728,2/25/2020 14:32,F
1593298,38331,40,1,5,24,7,1,2,0,8,11573728,2/25/2020 14:32,F
1593298,23165,23,0,4,24,9,2,0,0,8,11573728,2/25/2020 14:31,F
2021990,29714,21,6,17,40,4,3,5,0,0,11573728,2/25/2020 3:07,F
1097543,3014060,200,6,152,694,29,60,126,0,0,11573728,2/25/2020 3:07,F
1593298,464400,105,3,58,236,17,26,22,0,0,11573728,2/25/2020 14:35,F
1593298,119310,47,3,27,75,9,6,3,0,0,11573728,2/25/2020 14:33,F
1593298,145900,53,4,23,99,12,10,3,0,0,11573728,2/25/2020 14:33,F
633993,452200,135,4,24,130,8,10,21,0,0,11573728,2/25/2020 14:40,F
1018238,1166688,167,11,126,594,12,73,88,0,0,11573728,2/25/2020 14:39,C
786379,146546,58,7,62,97,14,20,13,0,0,11573728,2/25/2020 17:08,F
786379,151256,55,17,48,107,16,12,18,0,0,11573728,2/25/2020 17:07,F
1962275,29060,26,0,13,29,8,3,3,0,0,11573728,2/25/2020 17:06,F
894090,698200,138,0,31,230,13,18,36,0,0,11573728,2/25/2020 17:12,F
894090,2320154,367,0,24,240,10,15,42,0,0,11573728,2/25/2020 17:10,F
1018238,1432270,271,3,35,359,7,21,70,0,0,11573728,2/25/2020 17:17,F
1593298,209886,95,6,35,72,7,9,2,0,8,11573728,2/25/2020 17:24,F
1593298,195592,85,9,43,76,10,9,3,0,8,11573728,2/25/2020 17:23,F
1593298,2930430,249,1,78,794,17,50,113,0,0,11573728,2/25/2020 17:21,B
633993,333200,84,4,24,143,11,6,23,0,0,11573728,2/25/2020 17:30,F
894090,6398736,488,0,81,645,26,50,105,0,0,11573728,2/25/2020 17:28,F
979155,33586,25,0,6,28,7,4,1,0,24,11573728,2/25/2020 17:34,F
1608897,260695,103,2,49,131,13,19,22,0,24,11573728,2/25/2020 17:34,F
1509549,31098,33,0,5,23,3,3,6,0,24,11573728,2/25/2020 17:33,F
2229845,114300,64,2,28,65,2,11,6,0,24,11573728,2/25/2020 17:32,F
2225243,85899,45,3,11,61,8,6,6,0,72,11573728,2/25/2020 17:32,F
949875,31766,30,2,18,29,3,9,2,0,72,11573728,2/25/2020 17:31,F
949011,400900,86,5,31,139,5,10,16,0,0,11573728,2/25/2020 17:31,F
979230,97055,49,4,22,84,10,10,12,0,72,11573728,2/25/2020 17:39,F
979155,41041,37,0,14,33,5,7,0,0,16,11573728,2/25/2020 17:38,F
979155,42851,46,1,31,19,1,8,0,0,16,11573728,2/25/2020 17:38,F
979155,891375,141,1,58,230,16,22,45,0,8,11573728,2/25/2020 17:38,F
979155,1184097,235,4,102,191,8,37,30,0,8,11573728,2/25/2020 17:36,C
979155,93944,53,0,14,68,9,2,11,0,8,11573728,2/25/2020 17:44,F
979155,517314,106,0,54,233,18,26,37,0,8,11573728,2/25/2020 17:44,F
979155,33464,21,0,4,47,10,1,4,0,8,11573728,2/25/2020 17:42,F
979155,664730,107,0,36,252,17,21,45,0,8,11573728,2/25/2020 17:42,F
1401254,682138,193,12,46,131,11,11,30,0,8,11573728,2/25/2020 17:49,F
848345,813210,105,1,32,347,12,15,54,0,0,11573728,2/25/2020 17:48,B
848345,704036,134,1,98,179,10,31,18,0,8,11573728,2/25/2020 17:46,F
1675834,170145,96,1,14,55,1,6,18,0,24,11573728,2/25/2020 17:55,F
1675834,63557,39,1,9,46,2,5,14,0,24,11573728,2/25/2020 17:54,F
1675834,670860,180,1,26,141,1,13,35,0,24,11573728,2/25/2020 17:54,B
1675834,547543,136,0,31,138,0,20,30,0,24,11573728,2/25/2020 17:53,A
1675834,93871,58,2,13,55,1,7,16,0,24,11573728,2/25/2020 17:51,F
1675834,445498,137,2,39,127,1,21,26,0,24,11573728,2/25/2020 17:51,C
1675841,83191,64,0,7,48,1,3,9,0,24,11573728,2/25/2020 17:59,F
1675841,66247,56,1,1,37,1,0,7,0,24,11573728,2/25/2020 17:59,F
1675841,58548,56,0,8,31,1,4,3,0,24,11573728,2/25/2020 17:59,F
1675841,51895,52,0,6,31,2,2,5,0,24,11573728,2/25/2020 17:59,F
1675841,356880,116,0,26,140,3,12,19,0,24,11573728,2/25/2020 17:58,B
1675841,57099,52,0,3,33,3,2,5,0,24,11573728,2/25/2020 17:57,F
1675841,65226,56,1,6,40,1,3,7,0,24,11573728,2/25/2020 17:57,F
1675841,472932,144,0,15,151,3,7,24,0,24,11573728,2/25/2020 17:57,B
1675834,1002383,237,1,27,141,0,17,32,0,24,11573728,2/25/2020 17:56,A
1284722,18964,33,1,3,14,4,2,1,0,24,11573728,2/25/2020 18:04,F
2098548,23555,33,0,5,19,3,3,2,0,24,11573728,2/25/2020 18:04,F
2098548,552795,133,1,41,164,10,20,17,0,24,11573728,2/25/2020 18:03,F
2098548,19453,19,0,10,23,5,4,2,0,24,11573728,2/25/2020 18:02,F
1762724,168890,70,2,44,64,3,26,16,0,24,11573728,2/25/2020 18:02,D
1762724,121540,62,1,26,79,7,17,22,0,24,11573728,2/25/2020 18:01,C
1675841,434542,110,1,22,144,2,12,20,0,24,11573728,2/25/2020 18:00,B
1843659,663508,139,4,89,284,10,50,68,0,24,11573728,2/25/2020 18:10,C
1572506,27543,39,0,3,16,8,2,3,0,24,11573728,2/25/2020 18:08,F
1809107,20960,29,3,10,15,1,4,1,0,0,11573728,2/25/2020 18:07,F
1844294,456917,87,2,28,201,11,14,39,0,24,11573728,2/25/2020 18:07,F
1284722,369234,88,6,52,218,12,21,11,0,24,11573728,2/25/2020 18:05,C
2102292,169577,75,0,21,85,9,6,10,0,24,11573728,2/25/2020 18:15,F
2102292,313600,129,1,20,85,9,5,10,0,24,11573728,2/25/2020 18:14,F
2102292,122802,55,1,11,69,9,5,6,0,24,11573728,2/25/2020 18:14,F
2102292,166042,92,0,22,79,7,7,7,0,24,11573728,2/25/2020 18:13,F
2102292,144920,62,0,24,70,8,6,7,0,24,11573728,2/25/2020 18:13,F
2102292,92460,51,1,14,65,9,6,4,0,24,11573728,2/25/2020 18:12,F
2102292,46424,37,0,2,44,4,2,5,0,24,11573728,2/25/2020 18:12,F
2102292,128822,58,1,12,87,7,4,9,0,24,11573728,2/25/2020 18:12,F
2102292,109504,55,0,12,73,8,4,8,0,24,11573728,2/25/2020 18:11,F
2102292,107866,53,0,25,82,9,6,7,0,24,11573728,2/25/2020 18:10,F
1614054,31570,49,3,28,11,3,6,0,0,16,11573728,2/25/2020 18:20,F
1614054,18616,35,3,27,9,4,4,0,0,16,11573728,2/25/2020 18:20,F
2102292,116197,46,2,25,92,7,8,7,0,16,11573728,2/25/2020 18:19,F
2102292,135376,64,3,20,87,9,7,6,0,16,11573728,2/25/2020 18:19,F
2102292,128304,60,0,20,66,11,5,7,0,16,11573728,2/25/2020 18:18,F
2102292,111424,58,0,14,67,8,5,7,0,16,11573728,2/25/2020 18:17,F
2102292,94309,60,2,11,58,4,6,4,0,16,11573728,2/25/2020 18:17,F
2102292,172061,72,0,21,88,9,8,7,0,16,11573728,2/25/2020 18:16,F
2102292,236710,89,4,13,102,8,8,8,0,16,11573728,2/25/2020 18:16,F
979155,58874,56,0,33,28,8,8,2,0,8,11573728,2/25/2020 18:25,F
1627149,29462,21,3,12,35,7,2,5,0,72,11573728,2/25/2020 18:24,F
1627149,14115,23,1,8,16,5,3,1,0,72,11573728,2/25/2020 18:24,F
1618411,249309,95,0,29,118,5,16,16,0,24,11573728,2/25/2020 18:24,C
1618411,360482,138,1,28,102,6,14,17,0,24,11573728,2/25/2020 18:23,F
1614054,79525,34,0,28,60,8,10,5,0,24,11573728,2/25/2020 18:22,F
1614054,109297,51,1,27,83,8,9,8,0,24,11573728,2/25/2020 18:22,F
1614054,84904,33,1,23,81,10,6,11,0,24,11573728,2/25/2020 18:21,F
1614054,77489,36,3,11,71,9,6,8,0,24,11573728,2/25/2020 18:21,F
1614054,81937,72,1,29,32,6,7,3,0,16,11573728,2/25/2020 18:20,F
979230,87536,49,2,17,68,10,7,11,0,72,11573728,2/25/2020 18:30,F
979230,161369,65,1,25,97,5,16,16,0,72,11573728,2/25/2020 18:29,F
979230,275961,75,4,27,191,9,15,38,0,64,11573728,2/25/2020 18:28,B
979230,151917,69,7,26,97,11,12,15,0,72,11573728,2/25/2020 18:27,F
979231,36322,28,1,23,33,3,11,5,0,24,11573728,2/25/2020 18:26,F
979155,346990,94,1,44,130,10,24,20,0,8,11573728,2/25/2020 18:26,F
1571309,788194,130,4,81,262,17,33,38,0,8,11573728,2/25/2020 18:34,F
1571309,306539,89,1,24,132,11,7,25,0,8,11573728,2/25/2020 18:32,F
1608897,59493,32,3,7,60,14,5,8,0,8,11573728,2/25/2020 18:31,F
1608832,90063,47,1,25,65,5,7,6,0,8,11573728,2/25/2020 18:31,F
1608832,69473,30,0,12,77,8,3,9,0,8,11573728,2/25/2020 18:30,F
1571309,1489224,244,6,102,327,21,54,47,0,0,11573728,2/25/2020 18:36,F
814293,1278110,202,1,38,343,14,19,58,0,0,11573728,2/26/2020 2:44,B
979155,183371,49,1,22,143,16,16,21,0,8,11573728,2/26/2020 2:51,F
1849273,114060,38,2,49,99,19,17,22,0,0,11573728,2/26/2020 2:47,F
1593298,1796720,141,1,95,762,32,51,101,0,0,11573728,2/26/2020 2:56,B
2107653,1074354,158,33,183,389,35,79,73,0,0,11573728,2/26/2020 3:01,F
633993,445140,149,6,34,121,5,16,14,0,0,11573728,2/26/2020 2:57,F
2202861,626860,117,4,73,319,6,50,128,0,0,11573728,2/26/2020 3:06,C
2202861,402944,141,0,18,132,6,11,45,0,0,11573728,2/26/2020 3:03,F
1183812,538985,194,0,12,132,0,11,30,0,80,11573728,2/26/2020 3:15,S
1593298,150140,46,0,18,107,8,8,6,0,0,11573728,2/26/2020 14:43,F
131891,23848,17,2,16,33,12,2,3,0,0,11573728,2/26/2020 3:36,F
1593298,1301660,129,2,66,521,26,32,69,0,0,11573728,2/26/2020 17:44,F
1593298,1724810,115,4,124,737,25,63,88,0,0,11573728,2/26/2020 14:48,B
1244429,69134,37,2,27,66,4,16,7,0,0,11573728,2/26/2020 19:17,F
979155,451517,69,12,41,236,16,22,40,0,8,11573728,2/26/2020 17:46,C
924759,66488,86,28,36,38,22,5,5,0,0,11573728,2/26/2020 20:02,F
1425091,203530,84,14,77,180,16,21,13,0,1,11573728,2/26/2020 20:52,F
924759,78178,84,5,53,62,5,28,4,0,1,11573728,2/26/2020 21:06,F
1593298,1812340,132,3,102,761,24,48,107,0,0,11573728,2/26/2020 21:36,B
1608897,16025,27,0,3,17,7,1,3,0,8,11573728,2/26/2020 21:43,F
2107653,1166920,160,54,175,425,38,71,85,0,0,11573728,2/26/2020 21:43,F
76612,787346,173,10,74,320,10,31,48,0,0,11573728,2/26/2020 21:39,F
1608897,365135,109,1,35,231,40,17,39,0,8,11573728,2/26/2020 21:46,F
1608897,19753,27,5,2,21,10,1,4,0,8,11573728,2/26/2020 21:44,F
1608897,19367,27,5,5,19,10,3,3,0,8,11573728,2/26/2020 21:44,F
1608897,19924,29,4,3,20,9,1,5,0,8,11573728,2/26/2020 21:44,F
1608897,14279,18,2,6,19,10,3,3,0,8,11573728,2/26/2020 21:44,F
203906,759070,169,4,31,202,11,19,50,0,0,11573728,2/26/2020 22:41,F
894090,2559470,263,4,111,670,38,53,110,0,0,11573728,2/26/2020 22:46,F
633993,246570,83,4,27,121,5,13,17,0,0,11573728,2/27/2020 2:42,F
300689,43668,21,4,35,62,15,6,0,0,0,11573728,2/27/2020 2:41,F
300689,19828,17,1,13,32,11,2,0,0,0,11573728,2/27/2020 2:40,F
633993,743280,196,6,30,135,7,10,19,0,0,11573728,2/27/2020 2:43,F
2157548,248270,90,1,19,132,13,8,4,0,0,11573728,2/27/2020 2:48,F
848345,687710,125,3,25,240,8,10,39,0,0,11573728,2/27/2020 2:47,F
633993,247375,140,14,85,147,48,19,18,0,1,11573728,2/27/2020 2:45,F
633993,241480,72,4,34,133,7,12,20,0,0,11573728,2/27/2020 2:44,F
2157548,1692990,182,39,151,660,24,42,36,0,0,11573728,2/27/2020 2:51,C
1720581,41024,61,0,5,38,1,3,9,0,1,11573728,2/27/2020 2:56,F
1593298,3349950,245,0,97,776,17,54,109,0,0,11573728,2/27/2020 3:03,B
848345,1622861,273,2,42,224,13,20,27,0,8,11573728,2/27/2020 3:06,F
979155,1272530,261,2,40,139,5,17,30,0,8,11573728,2/27/2020 3:04,F
848345,1363685,253,0,99,208,7,31,26,0,8,11573728,2/27/2020 3:08,F
848345,1194306,207,2,69,239,10,26,31,0,8,11573728,2/27/2020 3:11,F
848345,56828,48,0,9,35,4,2,6,0,8,11573728,2/27/2020 3:10,F
848345,92541,32,0,6,89,12,4,12,0,8,11573728,2/27/2020 3:10,F
848345,987951,213,2,92,187,10,34,16,0,8,11573728,2/27/2020 3:09,F
949011,46226,45,1,7,28,4,2,3,0,8,11573728,2/27/2020 3:17,F
1401254,440379,104,15,29,134,21,12,30,0,8,11573728,2/27/2020 3:17,F
848345,837891,144,1,114,200,11,37,20,0,8,11573728,2/27/2020 3:16,F
2168425,154988,81,0,33,72,3,13,4,0,24,11573728,2/27/2020 3:18,F
953394,72076,57,2,25,46,7,9,5,0,24,11573728,2/27/2020 3:22,F
1675833,54144,34,2,14,55,7,8,18,0,24,11573728,2/27/2020 3:22,F
1675840,226715,71,0,23,143,7,11,20,0,24,11573728,2/27/2020 3:21,B
1675840,332713,117,0,31,139,3,15,17,0,24,11573728,2/27/2020 3:20,B
1675832,61787,49,2,11,48,8,4,15,0,24,11573728,2/27/2020 3:19,F
1675832,165178,71,3,34,109,8,12,25,0,24,11573728,2/27/2020 3:19,F
2231267,164230,93,1,4,62,1,2,9,0,0,11573728,2/27/2020 3:28,F
2231267,238268,93,1,6,113,2,6,14,0,0,11573728,2/27/2020 3:27,A
2222861,245064,111,3,23,104,5,7,10,0,0,11573728,2/27/2020 3:27,C
1961271,102450,50,2,13,82,9,6,10,0,0,11573728,2/27/2020 3:26,F
1961271,521490,163,4,33,105,3,16,11,0,0,11573728,2/27/2020 3:25,C
1962275,49930,46,3,22,26,6,6,0,0,8,11573728,2/27/2020 3:25,F
1962275,41017,40,1,11,27,8,5,2,0,24,11573728,2/27/2020 3:24,F
1626530,624747,135,2,43,187,8,21,20,0,24,11573728,2/27/2020 3:24,F
2231267,149144,88,1,4,63,1,2,9,0,0,11573728,2/27/2020 3:28,F
2134422,104964,79,2,15,45,6,7,2,0,24,11573728,2/27/2020 3:32,F
519080,484563,117,8,50,127,1,30,18,0,24,11573728,2/27/2020 3:32,F
1083458,392010,111,1,37,175,18,13,38,0,0,11573728,2/27/2020 3:30,F
2222967,104840,70,5,24,72,6,13,11,0,0,11573728,2/27/2020 3:29,C
2231267,136064,78,1,12,74,3,6,7,0,0,11573728,2/27/2020 3:29,F
793697,162080,69,1,18,100,7,10,10,0,0,11573728,2/27/2020 3:37,F
2025942,416524,152,0,32,134,10,12,29,0,0,11573728,2/27/2020 3:36,F
2060305,140392,39,1,73,135,13,18,12,0,0,11573728,2/27/2020 3:35,C
1896298,318899,134,2,30,86,5,11,12,0,24,11573728,2/27/2020 3:34,F
817987,173220,64,2,45,96,4,18,9,0,0,11573728,2/27/2020 3:38,F
1694584,157721,49,2,35,136,13,18,19,0,72,11573728,2/27/2020 3:42,F
1619884,17822,20,1,18,14,5,0,0,0,24,11573728,2/27/2020 3:41,F
1605148,62264,17,6,236,27,42,48,3,0,0,11573728,2/27/2020 3:40,F
996357,87984,58,1,21,73,9,3,8,0,0,11573728,2/27/2020 3:39,F
801663,734288,168,6,44,256,15,21,34,0,0,11573728,2/27/2020 3:43,F
814293,912360,149,1,14,226,3,5,39,0,0,11573728,2/27/2020 3:48,F
1854034,272430,64,6,49,206,19,19,43,0,0,11573728,2/27/2020 3:46,F
1988748,211035,62,17,25,120,8,12,17,0,8,11573728,2/27/2020 3:44,F
300689,25006,28,3,17,29,9,2,1,0,0,11573728,2/27/2020 6:08,F
1754329,24586,19,20,41,24,17,8,4,0,0,11573728,2/27/2020 6:08,F
1754329,42026,29,20,32,44,18,7,10,0,0,11573728,2/27/2020 6:07,F
1754329,17060,19,7,14,18,15,0,6,0,0,11573728,2/27/2020 6:06,F
1754329,20972,22,7,23,22,14,6,5,0,0,11573728,2/27/2020 6:06,F
1754329,27304,13,20,34,36,18,5,8,0,0,11573728,2/27/2020 6:06,F
1754329,27844,25,22,20,32,26,0,9,0,0,11573728,2/27/2020 6:05,F
1754329,32532,41,11,18,20,8,1,4,0,0,11573728,2/27/2020 6:05,F
1754329,13022,16,5,23,15,11,3,3,0,0,11573728,2/27/2020 6:13,F
1754329,30402,32,26,37,23,15,7,5,0,0,11573728,2/27/2020 6:13,F
633993,1003090,228,2,26,144,6,11,22,0,0,11573728,2/27/2020 6:12,F
1754329,24660,18,18,42,25,19,7,6,0,0,11573728,2/27/2020 6:11,F
1754329,11904,19,8,31,5,10,8,1,0,0,11573728,2/27/2020 6:11,F
1754329,34718,41,19,47,21,14,12,2,0,0,11573728,2/27/2020 6:10,F
1754329,29708,22,18,34,30,21,7,6,0,0,11573728,2/27/2020 6:09,F
1754329,28316,20,20,35,31,19,5,8,0,0,11573728,2/27/2020 6:09,F
1754329,49392,34,27,77,59,31,16,11,0,1,11573728,2/27/2020 6:14,F
1754329,18064,11,5,17,27,15,4,4,0,0,11573728,2/27/2020 14:58,F
1754329,24650,39,15,23,7,10,4,1,0,0,11573728,2/27/2020 14:58,F
76612,424668,135,4,24,167,9,13,24,0,0,11573728,2/27/2020 15:03,F
1821081,685174,99,16,117,329,12,43,55,0,0,11573728,2/27/2020 15:01,F
76612,830802,146,14,80,398,8,33,56,0,0,11573728,2/27/2020 15:07,F
76612,820210,195,1,27,202,6,14,30,0,0,11573728,2/27/2020 15:04,F
786379,104722,39,4,40,88,13,15,10,0,0,11573728,2/27/2020 15:13,F
1902624,398354,94,3,60,273,24,22,42,0,0,11573728,2/27/2020 15:17,C
1720903,282564,70,2,49,194,9,25,24,0,0,11573728,2/27/2020 15:16,F
786379,204298,107,3,24,78,9,8,9,0,0,11573728,2/27/2020 15:13,F
2025938,317436,133,1,8,124,4,4,24,0,0,11573728,2/27/2020 15:22,F
2025938,120846,72,5,16,68,13,6,11,0,8,11573728,2/27/2020 15:21,F
2060302,279025,117,3,35,97,8,10,11,0,24,11573728,2/27/2020 15:21,F
2060302,129757,61,6,34,81,9,10,7,0,24,11573728,2/27/2020 15:20,F
2060305,136636,75,0,15,78,4,6,6,0,0,11573728,2/27/2020 15:19,F
2060305,235418,70,0,54,162,6,20,17,0,0,11573728,2/27/2020 15:19,C
1262009,117274,41,1,19,120,15,10,12,0,72,11573728,2/27/2020 15:28,F
690778,998179,240,4,47,137,9,11,19,0,8,11573728,2/27/2020 15:27,F
979155,270683,90,0,22,146,14,15,24,0,8,11573728,2/27/2020 15:26,F
979155,60969,35,0,3,58,10,1,7,0,8,11573728,2/27/2020 15:25,F
848345,913163,164,1,114,267,10,43,31,0,8,11573728,2/27/2020 15:24,C
968739,779214,187,0,52,275,10,25,45,0,8,11573728,2/27/2020 15:33,B
968739,208760,115,1,24,63,0,7,9,0,8,11573728,2/27/2020 15:31,F
968739,894520,189,0,88,243,6,37,36,0,8,11573728,2/27/2020 15:31,C
1262009,402307,131,4,32,156,9,18,14,0,64,11573728,2/27/2020 15:29,F
722968,1018480,218,9,39,254,11,18,43,0,0,11573728,2/27/2020 15:38,F
722968,22824,30,0,8,20,7,5,4,0,8,11573728,2/27/2020 15:36,F
968739,942728,172,2,83,243,9,33,39,0,8,11573728,2/27/2020 15:36,C
968739,110292,81,1,13,47,1,2,8,0,8,11573728,2/27/2020 15:34,F
968739,98831,82,3,19,40,0,3,7,0,8,11573728,2/27/2020 15:34,F
968739,483742,190,1,59,78,2,18,9,0,8,11573728,2/27/2020 15:34,F
786379,108164,70,6,21,70,17,8,7,0,0,11573728,2/27/2020 15:40,F
786379,378180,95,10,119,192,25,34,22,0,0,11573728,2/27/2020 15:39,F
2096523,20144,28,0,11,23,7,3,6,0,0,11573728,2/27/2020 15:48,F
2183542,17950,25,6,20,13,4,2,0,0,0,11573728,2/27/2020 15:47,F
1097543,4031600,303,4,175,886,32,89,145,0,0,11573728,2/27/2020 15:46,B
2167576,243466,45,13,92,198,23,32,21,0,0,11573728,2/27/2020 15:51,F
2167576,56886,31,3,39,67,6,16,9,0,0,11573728,2/27/2020 15:50,F
2096523,78688,50,0,26,55,11,17,6,0,0,11573728,2/27/2020 15:49,F
2096523,149464,47,3,40,125,14,23,21,0,0,11573728,2/27/2020 15:48,F
2161977,1597604,217,34,210,655,29,103,120,0,0,11573728,2/27/2020 15:55,F
1821081,2593094,215,28,182,740,16,81,115,0,0,11573728,2/27/2020 22:43,C
1401254,2060580,321,5,28,262,5,12,56,0,0,11573728,2/27/2020 22:51,B
1759213,819160,155,10,125,304,40,79,96,0,0,11573728,2/27/2020 22:49,F
2161977,1648760,128,19,246,747,23,117,137,0,0,11573728,2/27/2020 22:55,C
786379,481416,97,24,104,289,42,38,39,0,0,11573728,2/27/2020 23:01,F
801663,703614,168,2,64,311,21,31,37,0,0,11573728,2/27/2020 22:58,F
1571309,1887848,272,0,54,495,20,35,99,0,0,11573728,2/27/2020 23:03,B
1608832,216586,103,0,9,85,2,4,11,0,0,11573728,2/27/2020 23:16,F
1608832,243936,109,0,8,87,1,6,10,0,0,11573728,2/27/2020 23:15,F
1608832,51624,46,0,4,40,2,3,4,0,0,11573728,2/27/2020 23:15,F
1608832,258792,112,0,14,84,7,6,10,0,0,11573728,2/27/2020 23:15,F
1608832,196136,102,0,16,73,3,8,7,0,0,11573728,2/27/2020 23:14,F
1608832,66930,57,3,8,39,1,1,5,0,0,11573728,2/27/2020 23:14,F
1608832,1929140,321,2,53,270,8,21,32,0,0,11573728,2/27/2020 23:13,F
1608832,244432,109,0,12,88,1,7,10,0,0,11573728,2/27/2020 23:20,F
1608832,62428,52,0,4,43,2,2,6,0,0,11573728,2/27/2020 23:19,F
1608832,1450762,253,0,20,305,8,16,40,0,0,11573728,2/27/2020 23:19,A
1608832,142476,82,0,8,62,1,4,8,0,0,11573728,2/27/2020 23:18,F
1608832,1449672,255,0,23,300,10,13,40,0,0,11573728,2/27/2020 23:17,A
1583484,66090,60,1,5,35,2,4,5,0,0,11573728,2/27/2020 23:25,F
1509460,145150,72,9,27,80,11,10,10,0,0,11573728,2/27/2020 23:24,F
1608872,1271380,252,0,29,287,11,18,68,0,0,11573728,2/27/2020 23:23,B
1608832,3344708,429,0,21,311,1,12,48,0,0,11573728,2/27/2020 23:21,A
2026320,1026420,220,0,60,232,14,31,64,0,0,11573728,2/27/2020 23:30,C
2026320,237690,109,0,9,65,2,5,19,0,0,11573728,2/27/2020 23:29,F
1583484,1128578,246,3,26,243,8,13,34,0,0,11573728,2/27/2020 23:28,F
1583484,67472,60,0,2,38,3,2,7,0,0,11573728,2/27/2020 23:27,F
1583484,34102,39,0,1,28,0,1,6,0,0,11573728,2/27/2020 23:27,F
1583484,1258344,262,1,27,216,6,14,30,0,0,11573728,2/27/2020 23:26,F
634479,2400540,285,13,39,418,16,23,64,0,0,11573728,2/27/2020 23:35,F
2004425,912710,137,3,39,281,12,26,88,0,0,11573728,2/27/2020 23:41,B
2004425,161250,70,1,33,98,5,18,21,0,0,11573728,2/27/2020 23:39,F
2004425,477780,81,1,63,254,17,34,77,0,0,11573728,2/27/2020 23:38,C
808848,2173650,338,1,75,265,4,37,44,0,0,11573728,2/27/2020 23:37,C
1983122,277330,116,0,13,74,1,7,18,0,0,11573728,2/27/2020 23:46,F
1983122,283480,116,1,9,65,1,6,12,0,0,11573728,2/27/2020 23:45,F
1983122,418090,140,0,12,81,2,8,18,0,0,11573728,2/27/2020 23:45,F
1983122,275420,116,1,13,72,2,5,18,0,0,11573728,2/27/2020 23:44,F
1983122,394250,135,0,12,81,2,6,20,0,0,11573728,2/27/2020 23:44,F
1983122,174070,92,1,13,50,1,4,11,0,0,11573728,2/27/2020 23:43,F
1983122,729870,116,0,57,259,8,29,58,0,0,11573728,2/27/2020 23:42,F
1983122,1584670,241,0,53,267,4,29,61,0,0,11573728,2/27/2020 23:47,B
1097543,5801730,309,3,110,966,18,61,185,0,0,11573728,2/27/2020 23:53,B
2270072,508084,160,5,39,169,15,27,49,0,0,11573728,2/28/2020 0:21,F
2021990,986596,123,39,184,587,60,62,87,0,0,11573728,2/27/2020 23:57,F
1897567,1411134,301,1,43,256,3,22,41,0,0,11573728,2/28/2020 2:25,B
1897567,355317,71,8,38,207,8,16,32,0,8,11573728,2/28/2020 2:23,F
2060304,159548,60,5,46,113,8,12,13,0,8,11573728,2/28/2020 2:22,C
2060304,164775,78,3,33,99,8,13,8,0,24,11573728,2/28/2020 2:21,F
1897577,178186,102,0,11,61,1,4,10,0,0,11573728,2/28/2020 2:30,F
1897577,944804,228,3,29,245,8,17,48,0,0,11573728,2/28/2020 2:29,B
1897577,18634,32,0,1,17,0,0,4,0,0,11573728,2/28/2020 2:28,F
1897577,162736,98,1,9,55,2,2,11,0,0,11573728,2/28/2020 2:28,F
1897577,170752,100,0,8,58,1,2,11,0,0,11573728,2/28/2020 2:27,F
1897577,58198,61,0,1,34,1,1,7,0,0,11573728,2/28/2020 2:27,F
1897577,184446,98,0,7,72,1,4,11,0,0,11573728,2/28/2020 2:26,F
1897577,281226,153,2,9,75,0,3,14,0,0,11573728,2/28/2020 2:26,F
1897577,127208,86,0,5,48,2,1,10,0,0,11573728,2/28/2020 2:26,F
1897577,1317490,295,2,27,253,3,16,53,0,0,11573728,2/28/2020 2:34,B
1897577,928910,266,0,6,140,1,5,31,0,0,11573728,2/28/2020 2:33,F
1897577,1401642,287,3,30,250,2,15,54,0,0,11573728,2/28/2020 2:32,B
1897577,159674,101,0,14,54,2,4,10,0,0,11573728,2/28/2020 2:30,F
1897577,1004032,272,1,10,168,4,6,35,0,0,11573728,2/28/2020 2:40,F
1897577,314492,171,0,12,78,1,5,16,0,0,11573728,2/28/2020 2:39,F
1897577,193196,104,1,4,64,3,2,11,0,0,11573728,2/28/2020 2:39,F
1897577,1693628,330,1,23,259,2,17,54,0,0,11573728,2/28/2020 2:38,A
1897577,735964,238,0,8,121,0,5,26,0,0,11573728,2/28/2020 2:37,F
1897577,176022,101,0,18,65,1,6,11,0,0,11573728,2/28/2020 2:45,F
1897577,196432,105,0,5,66,1,1,13,0,0,11573728,2/28/2020 2:45,F
1897577,43880,54,0,2,26,0,1,6,0,0,11573728,2/28/2020 2:44,F
1897577,180410,101,0,7,65,1,2,12,0,0,11573728,2/28/2020 2:44,F
1897577,245890,123,3,8,70,0,2,13,0,0,11573728,2/28/2020 2:43,F
1897577,122346,86,0,6,48,1,1,10,0,0,11573728,2/28/2020 2:43,F
1897577,242042,118,0,6,72,2,3,12,0,0,11573728,2/28/2020 2:43,F
1897577,199150,103,0,4,67,0,2,12,0,0,11573728,2/28/2020 2:42,F
1897577,182678,100,0,5,62,2,2,11,0,0,11573728,2/28/2020 2:42,F
1897577,1361366,302,2,29,249,5,14,53,0,0,11573728,2/28/2020 2:49,B
1897577,119534,83,0,4,49,2,1,10,0,0,11573728,2/28/2020 2:48,F
1897577,119092,88,0,9,47,2,2,9,0,0,11573728,2/28/2020 2:48,F
1897577,122708,83,0,3,51,1,1,10,0,0,11573728,2/28/2020 2:47,F
1897577,325676,172,1,8,83,0,4,17,0,0,11573728,2/28/2020 2:47,F
1897577,903602,266,0,13,133,1,6,30,0,0,11573728,2/28/2020 2:46,F
1897577,119954,83,0,5,49,1,1,10,0,0,11573728,2/28/2020 2:46,F
634479,1713620,245,12,81,377,14,43,45,0,0,11573728,2/28/2020 4:01,F
1593298,3327720,287,2,73,795,20,51,111,0,0,11573728,2/28/2020 3:57,B
131665,54792,40,3,10,40,6,6,10,0,1088,11573728,2/28/2020 4:06,F
131665,42225,38,6,15,29,5,6,6,0,88,11573728,2/28/2020 4:05,F
131665,22036,23,13,7,18,4,4,4,0,80,11573728,2/28/2020 4:05,F
131665,176641,65,18,30,90,12,12,23,0,72,11573728,2/28/2020 4:04,F
131665,787860,223,4,29,132,1,18,31,0,64,11573728,2/28/2020 4:03,C
131665,470332,158,5,37,112,5,17,26,0,64,11573728,2/28/2020 4:02,F
2060019,2191826,257,4,40,446,4,19,68,0,0,11573728,2/28/2020 4:11,A
2060019,34534,42,0,0,25,2,0,6,0,0,11573728,2/28/2020 4:09,F
2060304,413372,147,1,27,141,3,13,15,0,0,11573728,2/28/2020 4:08,B
106961,113438,44,16,53,111,10,17,5,0,0,11573728,2/28/2020 4:16,F
1605148,24798,17,3,126,5,20,31,1,0,0,11573728,2/28/2020 4:14,F
2088949,299238,113,3,55,147,13,31,30,0,0,11573728,2/28/2020 4:13,F
1764213,90915,66,3,41,49,11,20,11,0,8,11573728,3/1/2020 20:29,F
1764213,31440,39,4,14,24,4,7,2,0,16,11573728,3/1/2020 20:28,F
2161977,1788236,185,26,227,761,21,114,141,0,0,11573728,3/1/2020 20:27,C
1431981,1442210,139,19,99,521,18,42,91,0,0,11573728,3/1/2020 20:23,F
1186518,2398476,277,3,69,542,3,53,173,0,0,11573728,3/1/2020 20:13,B
1431981,2054460,140,26,154,705,17,75,107,0,0,11573728,3/2/2020 5:37,C
1431981,200840,73,8,5,102,8,1,25,0,0,11573728,3/2/2020 13:55,F
1431981,343450,105,5,26,125,8,12,24,0,0,11573728,3/2/2020 13:54,F
1431981,561270,173,9,13,97,5,5,23,0,0,11573728,3/2/2020 13:53,F
1593298,1664720,120,0,135,719,36,60,88,0,0,11573728,3/2/2020 13:52,B
1431981,2421050,176,18,109,666,20,47,113,0,0,11573728,3/2/2020 13:59,F
1186518,4494799,405,9,96,507,5,57,164,0,16,11573728,3/2/2020 14:05,B
633993,522400,149,2,24,138,10,10,21,0,0,11573728,3/2/2020 14:08,F
2270072,407372,104,4,48,203,5,33,57,0,0,11573728,3/2/2020 14:07,F
1097543,2798320,194,6,145,713,18,70,129,0,0,11573728,3/2/2020 14:14,F
1431981,2277630,144,13,139,735,15,60,125,0,0,11573728,3/3/2020 3:28,B
1593298,101310,67,0,3,43,0,1,6,0,0,11573728,3/3/2020 3:34,F
2161977,2360922,217,17,220,785,13,118,147,0,0,11573728,3/3/2020 3:33,C
1593298,14542150,827,1,79,797,13,45,120,0,0,11573728,3/3/2020 3:39,B
814293,335570,116,3,42,105,3,14,14,0,0,11573728,3/3/2020 3:44,F
814293,11100,2,0,0,2,1,0,2,0,0,11573728,3/3/2020 3:43,F
1849273,262860,66,0,37,151,19,19,41,0,0,11573728,3/3/2020 3:43,F
1849273,323170,112,1,70,119,15,35,24,0,0,11573728,3/3/2020 3:42,F
801663,558740,116,7,35,266,13,20,32,0,0,11573728,3/3/2020 3:50,F
460007,182959,99,2,4,56,3,0,7,0,72,11573728,3/3/2020 3:47,F
2065929,175036,95,2,30,65,3,10,6,0,72,11573728,3/3/2020 3:46,F
2065929,346813,89,3,27,161,5,11,24,0,72,11573728,3/3/2020 3:45,B
1605148,114214,58,8,240,38,33,47,8,0,0,11573728,3/3/2020 3:51,F
2202861,625278,95,2,43,351,6,36,143,0,0,11573728,3/3/2020 4:00,B
1605148,220708,65,31,743,129,146,147,32,0,1,11573728,3/3/2020 3:56,D
120030,54536,42,2,11,52,3,2,2,0,0,11573728,3/3/2020 4:05,F
924759,137242,93,14,105,162,182,34,14,0,1,11573728,3/3/2020 4:04,F
633993,530100,144,4,23,139,8,7,24,0,0,11573728,3/3/2020 4:03,F
580941,210858,108,0,12,73,9,5,12,0,0,11573728,3/3/2020 4:09,F
1401254,91600,70,2,15,37,3,5,10,0,0,11573728,3/3/2020 4:08,F
120030,53298,28,2,26,60,8,7,1,0,0,11573728,3/3/2020 4:06,F
350238,275693,82,3,29,171,16,10,23,0,72,11573728,3/3/2020 4:15,F
131665,152323,89,1,10,47,2,4,13,0,104,11573728,3/3/2020 4:13,F
350238,533903,84,1,35,285,7,22,42,0,584,11573728,3/3/2020 4:16,B
1593298,902620,120,0,57,283,12,24,35,0,0,11573728,3/3/2020 13:31,F
1593298,1932180,138,4,96,760,30,52,100,0,0,11573728,3/3/2020 13:35,B
1571309,87764,73,0,1,41,2,1,4,0,0,11573728,3/3/2020 13:39,F
1571309,160838,100,0,5,55,4,3,5,0,0,11573728,3/3/2020 13:38,F
2026320,780580,153,1,36,191,11,28,48,0,0,11573728,3/3/2020 13:38,F
1571309,1797040,245,2,78,444,24,39,84,0,0,11573728,3/3/2020 13:41,F
2026320,401086,87,0,45,174,19,27,41,0,8,11573728,3/3/2020 13:44,F
131665,226813,112,2,10,58,3,4,16,0,104,11573728,3/3/2020 13:42,F
1571309,805610,113,14,132,393,29,61,57,0,8,11573728,3/3/2020 13:47,F
1097543,3429470,249,13,149,910,25,76,159,0,0,11573728,3/3/2020 13:53,B
